Team/Country,Name,Discipline,Event,Total Gold,Total Silver,Total Bronze,Total Medals
Belgium,Belgium,3x3 Basketball,Men,3,1,3,7
People's Republic of China,China,3x3 Basketball,Men,38,32,18,88
People's Republic of China,China,3x3 Basketball,Women,38,32,18,88
France,France,3x3 Basketball,Women,10,12,11,33
Italy,Italy,3x3 Basketball,Women,10,10,20,40
Japan,Japan,3x3 Basketball,Men,27,14,17,58
Japan,Japan,3x3 Basketball,Women,27,14,17,58
Latvia,Latvia,3x3 Basketball,Men,1,0,1,2
Mongolia,Mongolia,3x3 Basketball,Women,0,1,3,4
Netherlands,Netherlands,3x3 Basketball,Men,10,12,14,36
Poland,Poland,3x3 Basketball,Men,4,5,5,14
ROC,ROC,3x3 Basketball,Men,20,28,23,71
ROC,ROC,3x3 Basketball,Women,20,28,23,71
Romania,Romania,3x3 Basketball,Women,1,3,0,4
Serbia,Serbia,3x3 Basketball,Men,3,1,5,9
United States of America,United States,3x3 Basketball,Women,39,41,33,113
Australia,Australia,Archery,Men's Team,17,7,22,46
Australia,Australia,Archery,Mixed Team,17,7,22,46
Belarus,Belarus,Archery,Women's Team,1,3,3,7
Brazil,Brazil,Archery,Mixed Team,7,6,8,21
Canada,Canada,Archery,Mixed Team,7,6,11,24
People's Republic of China,China,Archery,Men's Team,38,32,18,88
People's Republic of China,China,Archery,Mixed Team,38,32,18,88
People's Republic of China,China,Archery,Women's Team,38,32,18,88
Chinese Taipei,Chinese Taipei,Archery,Men's Team,2,4,6,12
Chinese Taipei,Chinese Taipei,Archery,Mixed Team,2,4,6,12
Chinese Taipei,Chinese Taipei,Archery,Women's Team,2,4,6,12
Colombia,Colombia,Archery,Mixed Team,0,4,1,5
Egypt,Egypt,Archery,Mixed Team,1,1,4,6
France,France,Archery,Men's Team,10,12,11,33
France,France,Archery,Mixed Team,10,12,11,33
Germany,Germany,Archery,Mixed Team,10,11,16,37
Germany,Germany,Archery,Women's Team,10,11,16,37
Great Britain,Great Britain,Archery,Men's Team,22,21,22,65
Great Britain,Great Britain,Archery,Mixed Team,22,21,22,65
Great Britain,Great Britain,Archery,Women's Team,22,21,22,65
India,India,Archery,Men's Team,1,2,4,7
India,India,Archery,Mixed Team,1,2,4,7
Indonesia,Indonesia,Archery,Men's Team,1,1,3,5
Indonesia,Indonesia,Archery,Mixed Team,1,1,3,5
Italy,Italy,Archery,Mixed Team,10,10,20,40
Italy,Italy,Archery,Women's Team,10,10,20,40
Japan,Japan,Archery,Men's Team,27,14,17,58
Japan,Japan,Archery,Mixed Team,27,14,17,58
Japan,Japan,Archery,Women's Team,27,14,17,58
Kazakhstan,Kazakhstan,Archery,Men's Team,0,0,8,8
Malaysia,Malaysia,Archery,Mixed Team,0,1,1,2
Mexico,Mexico,Archery,Mixed Team,0,0,4,4
Mexico,Mexico,Archery,Women's Team,0,0,4,4
Mongolia,Mongolia,Archery,Mixed Team,0,1,3,4
Netherlands,Netherlands,Archery,Men's Team,10,12,14,36
Netherlands,Netherlands,Archery,Mixed Team,10,12,14,36
Poland,Poland,Archery,Mixed Team,4,5,5,14
Republic of Moldova,Rep. of Moldova,Archery,Mixed Team,0,0,1,1
Republic of Korea,Republic of Korea,Archery,Men's Team,6,4,10,20
Republic of Korea,Republic of Korea,Archery,Mixed Team,6,4,10,20
Republic of Korea,Republic of Korea,Archery,Women's Team,6,4,10,20
ROC,ROC,Archery,Mixed Team,20,28,23,71
ROC,ROC,Archery,Women's Team,20,28,23,71
Spain,Spain,Archery,Mixed Team,3,8,6,17
Tunisia,Tunisia,Archery,Mixed Team,1,1,0,2
Turkey,Turkey,Archery,Mixed Team,2,2,9,13
Ukraine,Ukraine,Archery,Mixed Team,1,6,12,19
Ukraine,Ukraine,Archery,Women's Team,1,6,12,19
United States of America,United States,Archery,Men's Team,39,41,33,113
United States of America,United States,Archery,Mixed Team,39,41,33,113
United States of America,United States,Archery,Women's Team,39,41,33,113
Belgium,Belgium,Artistic Gymnastics,Women's Team,3,1,3,7
Brazil,Brazil,Artistic Gymnastics,Men's Team,7,6,8,21
Canada,Canada,Artistic Gymnastics,Women's Team,7,6,11,24
People's Republic of China,China,Artistic Gymnastics,Men's Team,38,32,18,88
People's Republic of China,China,Artistic Gymnastics,Women's Team,38,32,18,88
Chinese Taipei,Chinese Taipei,Artistic Gymnastics,Men's Team,2,4,6,12
France,France,Artistic Gymnastics,Women's Team,10,12,11,33
Germany,Germany,Artistic Gymnastics,Men's Team,10,11,16,37
Germany,Germany,Artistic Gymnastics,Women's Team,10,11,16,37
Great Britain,Great Britain,Artistic Gymnastics,Men's Team,22,21,22,65
Great Britain,Great Britain,Artistic Gymnastics,Women's Team,22,21,22,65
Italy,Italy,Artistic Gymnastics,Women's Team,10,10,20,40
Japan,Japan,Artistic Gymnastics,Men's Team,27,14,17,58
Japan,Japan,Artistic Gymnastics,Women's Team,27,14,17,58
Netherlands,Netherlands,Artistic Gymnastics,Women's Team,10,12,14,36
Republic of Korea,Korea,Artistic Gymnastics,Men's Team,6,4,10,20
ROC,ROC,Artistic Gymnastics,Men's Team,20,28,23,71
ROC,ROC,Artistic Gymnastics,Women's Team,20,28,23,71
Spain,Spain,Artistic Gymnastics,Men's Team,3,8,6,17
Spain,Spain,Artistic Gymnastics,Women's Team,3,8,6,17
Switzerland,Switzerland,Artistic Gymnastics,Men's Team,3,4,6,13
Ukraine,Ukraine,Artistic Gymnastics,Men's Team,1,6,12,19
United States of America,United States,Artistic Gymnastics,Men's Team,39,41,33,113
United States of America,United States,Artistic Gymnastics,Women's Team,39,41,33,113
Australia,Australia,Artistic Swimming,Duet,17,7,22,46
Australia,Australia,Artistic Swimming,Team,17,7,22,46
Austria,Austria,Artistic Swimming,Duet,1,1,5,7
Belarus,Belarus,Artistic Swimming,Duet,1,3,3,7
Canada,Canada,Artistic Swimming,Duet,7,6,11,24
Canada,Canada,Artistic Swimming,Team,7,6,11,24
People's Republic of China,China,Artistic Swimming,Duet,38,32,18,88
People's Republic of China,China,Artistic Swimming,Team,38,32,18,88
Colombia,Colombia,Artistic Swimming,Duet,0,4,1,5
Egypt,Egypt,Artistic Swimming,Duet,1,1,4,6
Egypt,Egypt,Artistic Swimming,Team,1,1,4,6
France,France,Artistic Swimming,Duet,10,12,11,33
Great Britain,Great Britain,Artistic Swimming,Duet,22,21,22,65
Greece,Greece,Artistic Swimming,Duet,2,1,1,4
Greece,Greece,Artistic Swimming,Team,2,1,1,4
Israel,Israel,Artistic Swimming,Duet,2,0,2,4
Italy,Italy,Artistic Swimming,Duet,10,10,20,40
Italy,Italy,Artistic Swimming,Team,10,10,20,40
Japan,Japan,Artistic Swimming,Duet,27,14,17,58
Japan,Japan,Artistic Swimming,Team,27,14,17,58
Kazakhstan,Kazakhstan,Artistic Swimming,Duet,0,0,8,8
Mexico,Mexico,Artistic Swimming,Duet,0,0,4,4
Netherlands,Netherlands,Artistic Swimming,Duet,10,12,14,36
ROC,ROC,Artistic Swimming,Duet,20,28,23,71
ROC,ROC,Artistic Swimming,Team,20,28,23,71
South Africa,South Africa,Artistic Swimming,Duet,1,2,0,3
Spain,Spain,Artistic Swimming,Duet,3,8,6,17
Spain,Spain,Artistic Swimming,Team,3,8,6,17
Ukraine,Ukraine,Artistic Swimming,Duet,1,6,12,19
Ukraine,Ukraine,Artistic Swimming,Team,1,6,12,19
United States of America,United States,Artistic Swimming,Duet,39,41,33,113
Australia,Australia,Athletics,Women's 4 x 400m Relay,17,7,22,46
Bahamas,Bahamas,Athletics,Women's 4 x 400m Relay,2,0,0,2
Belarus,Belarus,Athletics,Women's 4 x 400m Relay,1,3,3,7
Belgium,Belgium,Athletics,4 x 400m Relay Mixed,3,1,3,7
Belgium,Belgium,Athletics,Men's 4 x 400m Relay,3,1,3,7
Belgium,Belgium,Athletics,Women's 4 x 400m Relay,3,1,3,7
Botswana,Botswana,Athletics,Men's 4 x 400m Relay,0,0,1,1
Brazil,Brazil,Athletics,4 x 400m Relay Mixed,7,6,8,21
Brazil,Brazil,Athletics,Men's 4 x 100m Relay,7,6,8,21
Brazil,Brazil,Athletics,Women's 4 x 100m Relay,7,6,8,21
Canada,Canada,Athletics,Men's 4 x 100m Relay,7,6,11,24
Canada,Canada,Athletics,Women's 4 x 400m Relay,7,6,11,24
People's Republic of China,China,Athletics,Men's 4 x 100m Relay,38,32,18,88
People's Republic of China,China,Athletics,Women's 4 x 100m Relay,38,32,18,88
Colombia,Colombia,Athletics,Men's 4 x 400m Relay,0,4,1,5
Cuba,Cuba,Athletics,Women's 4 x 400m Relay,7,3,5,15
Czech Republic,Czech Republic,Athletics,Men's 4 x 400m Relay,4,4,3,11
Denmark,Denmark,Athletics,Men's 4 x 100m Relay,3,4,4,11
Denmark,Denmark,Athletics,Women's 4 x 100m Relay,3,4,4,11
Dominican Republic,Dominican Rep.,Athletics,4 x 400m Relay Mixed,0,3,2,5
Ecuador,Ecuador,Athletics,Women's 4 x 100m Relay,2,1,0,3
France,France,Athletics,Men's 4 x 100m Relay,10,12,11,33
France,France,Athletics,Men's 4 x 400m Relay,10,12,11,33
France,France,Athletics,Women's 4 x 100m Relay,10,12,11,33
France,France,Athletics,Women's 4 x 400m Relay,10,12,11,33
Germany,Germany,Athletics,4 x 400m Relay Mixed,10,11,16,37
Germany,Germany,Athletics,Men's 4 x 100m Relay,10,11,16,37
Germany,Germany,Athletics,Men's 4 x 400m Relay,10,11,16,37
Germany,Germany,Athletics,Women's 4 x 100m Relay,10,11,16,37
Germany,Germany,Athletics,Women's 4 x 400m Relay,10,11,16,37
Ghana,Ghana,Athletics,Men's 4 x 100m Relay,0,0,1,1
Great Britain,Great Britain,Athletics,4 x 400m Relay Mixed,22,21,22,65
Great Britain,Great Britain,Athletics,Men's 4 x 100m Relay,22,21,22,65
Great Britain,Great Britain,Athletics,Men's 4 x 400m Relay,22,21,22,65
Great Britain,Great Britain,Athletics,Women's 4 x 100m Relay,22,21,22,65
Great Britain,Great Britain,Athletics,Women's 4 x 400m Relay,22,21,22,65
India,India,Athletics,4 x 400m Relay Mixed,1,2,4,7
India,India,Athletics,Men's 4 x 400m Relay,1,2,4,7
Ireland,Ireland,Athletics,4 x 400m Relay Mixed,2,0,2,4
Italy,Italy,Athletics,4 x 400m Relay Mixed,10,10,20,40
Italy,Italy,Athletics,Men's 4 x 100m Relay,10,10,20,40
Italy,Italy,Athletics,Men's 4 x 400m Relay,10,10,20,40
Italy,Italy,Athletics,Women's 4 x 100m Relay,10,10,20,40
Italy,Italy,Athletics,Women's 4 x 400m Relay,10,10,20,40
Jamaica,Jamaica,Athletics,4 x 400m Relay Mixed,4,1,4,9
Jamaica,Jamaica,Athletics,Men's 4 x 100m Relay,4,1,4,9
Jamaica,Jamaica,Athletics,Men's 4 x 400m Relay,4,1,4,9
Jamaica,Jamaica,Athletics,Women's 4 x 100m Relay,4,1,4,9
Jamaica,Jamaica,Athletics,Women's 4 x 400m Relay,4,1,4,9
Japan,Japan,Athletics,Men's 4 x 100m Relay,27,14,17,58
Japan,Japan,Athletics,Men's 4 x 400m Relay,27,14,17,58
Japan,Japan,Athletics,Women's 4 x 100m Relay,27,14,17,58
Netherlands,Netherlands,Athletics,4 x 400m Relay Mixed,10,12,14,36
Netherlands,Netherlands,Athletics,Men's 4 x 100m Relay,10,12,14,36
Netherlands,Netherlands,Athletics,Men's 4 x 400m Relay,10,12,14,36
Netherlands,Netherlands,Athletics,Women's 4 x 100m Relay,10,12,14,36
Netherlands,Netherlands,Athletics,Women's 4 x 400m Relay,10,12,14,36
Nigeria,Nigeria,Athletics,4 x 400m Relay Mixed,0,1,1,2
Nigeria,Nigeria,Athletics,Women's 4 x 100m Relay,0,1,1,2
Poland,Poland,Athletics,4 x 400m Relay Mixed,4,5,5,14
Poland,Poland,Athletics,Men's 4 x 400m Relay,4,5,5,14
Poland,Poland,Athletics,Women's 4 x 100m Relay,4,5,5,14
Poland,Poland,Athletics,Women's 4 x 400m Relay,4,5,5,14
South Africa,South Africa,Athletics,Men's 4 x 100m Relay,1,2,0,3
South Africa,South Africa,Athletics,Men's 4 x 400m Relay,1,2,0,3
Spain,Spain,Athletics,4 x 400m Relay Mixed,3,8,6,17
Switzerland,Switzerland,Athletics,Women's 4 x 100m Relay,3,4,6,13
Switzerland,Switzerland,Athletics,Women's 4 x 400m Relay,3,4,6,13
Turkey,Turkey,Athletics,Men's 4 x 100m Relay,2,2,9,13
Ukraine,Ukraine,Athletics,4 x 400m Relay Mixed,1,6,12,19
Ukraine,Ukraine,Athletics,Women's 4 x 400m Relay,1,6,12,19
United States of America,United States,Athletics,4 x 400m Relay Mixed,39,41,33,113
United States of America,United States,Athletics,Men's 4 x 100m Relay,39,41,33,113
United States of America,United States,Athletics,Men's 4 x 400m Relay,39,41,33,113
United States of America,United States,Athletics,Women's 4 x 100m Relay,39,41,33,113
United States of America,United States,Athletics,Women's 4 x 400m Relay,39,41,33,113
Australia,Australia,Baseball/Softball,Softball,17,7,22,46
Canada,Canada,Baseball/Softball,Softball,7,6,11,24
Dominican Republic,Dominican Rep.,Baseball/Softball,Baseball,0,3,2,5
Israel,Israel,Baseball/Softball,Baseball,2,0,2,4
Italy,Italy,Baseball/Softball,Softball,10,10,20,40
Japan,Japan,Baseball/Softball,Baseball,27,14,17,58
Japan,Japan,Baseball/Softball,Softball,27,14,17,58
Mexico,Mexico,Baseball/Softball,Baseball,0,0,4,4
Mexico,Mexico,Baseball/Softball,Softball,0,0,4,4
Republic of Korea,Republic of Korea,Baseball/Softball,Baseball,6,4,10,20
United States of America,United States,Baseball/Softball,Baseball,39,41,33,113
United States of America,United States,Baseball/Softball,Softball,39,41,33,113
Argentina,Argentina,Basketball,Men,0,1,2,3
Australia,Australia,Basketball,Men,17,7,22,46
Australia,Australia,Basketball,Women,17,7,22,46
Belgium,Belgium,Basketball,Women,3,1,3,7
Canada,Canada,Basketball,Women,7,6,11,24
People's Republic of China,China,Basketball,Women,38,32,18,88
Czech Republic,Czech Republic,Basketball,Men,4,4,3,11
France,France,Basketball,Men,10,12,11,33
France,France,Basketball,Women,10,12,11,33
Germany,Germany,Basketball,Men,10,11,16,37
Islamic Republic of Iran,Islamic Rep. of Iran,Basketball,Men,3,2,2,7
Italy,Italy,Basketball,Men,10,10,20,40
Japan,Japan,Basketball,Men,27,14,17,58
Japan,Japan,Basketball,Women,27,14,17,58
Nigeria,Nigeria,Basketball,Men,0,1,1,2
Nigeria,Nigeria,Basketball,Women,0,1,1,2
Puerto Rico,Puerto Rico,Basketball,Women,1,0,0,1
Republic of Korea,Republic of Korea,Basketball,Women,6,4,10,20
Serbia,Serbia,Basketball,Women,3,1,5,9
Slovenia,Slovenia,Basketball,Men,3,1,1,5
Spain,Spain,Basketball,Men,3,8,6,17
Spain,Spain,Basketball,Women,3,8,6,17
United States of America,United States,Basketball,Men,39,41,33,113
United States of America,United States,Basketball,Women,39,41,33,113
Argentina,Azaad/Capogrosso,Beach Volleyball,Men,0,1,2,3
Argentina,Gallay/Pereyra,Beach Volleyball,Women,0,1,2,3
Australia,McHugh/Schumann,Beach Volleyball,Men,17,7,22,46
Australia,Artacho Del Solar/Clancy,Beach Volleyball,Women,17,7,22,46
Brazil,Alison/Alvaro Filho,Beach Volleyball,Men,7,6,8,21
Brazil,Evandro/Bruno Schmidt,Beach Volleyball,Men,7,6,8,21
Brazil,Ana Patricia/Rebecca,Beach Volleyball,Women,7,6,8,21
Brazil,Agatha/Duda,Beach Volleyball,Women,7,6,8,21
Canada,Bansley/Brandie,Beach Volleyball,Women,7,6,11,24
Canada,Pavan/Melissa,Beach Volleyball,Women,7,6,11,24
People's Republic of China,Wang/X.Y.Xia,Beach Volleyball,Women,38,32,18,88
People's Republic of China,Xue/Wang X.X.,Beach Volleyball,Women,38,32,18,88
Cuba,Lidy/Leila,Beach Volleyball,Women,7,3,5,15
Czech Republic,Perusic/Schweiner,Beach Volleyball,Men,4,4,3,11
Czech Republic,Hermannova/Slukova,Beach Volleyball,Women,4,4,3,11
Germany,Thole J./Wickler,Beach Volleyball,Men,10,11,16,37
Germany,Ludwig/Kozuch,Beach Volleyball,Women,10,11,16,37
Germany,Sude/Borger,Beach Volleyball,Women,10,11,16,37
Italy,Nicolai/Lupo,Beach Volleyball,Men,10,10,20,40
Italy,Carambula/Rossi,Beach Volleyball,Men,10,10,20,40
Italy,Menegatti/Orsi Toth,Beach Volleyball,Women,10,10,20,40
Japan,Gottsu/Shiratori,Beach Volleyball,Men,27,14,17,58
Japan,Ishii/Murakami,Beach Volleyball,Women,27,14,17,58
Kenya,Makokha/Khadambi,Beach Volleyball,Women,4,4,2,10
Latvia,Plavins/Tocs,Beach Volleyball,Men,1,0,1,2
Latvia,Graudina/Kravcenoka,Beach Volleyball,Women,1,0,1,2
Mexico,Gaxiola/Rubio,Beach Volleyball,Men,0,0,4,4
Morocco,Abicha/Elgraoui,Beach Volleyball,Men,1,0,0,1
Netherlands,Brouwer/Meeuwsen,Beach Volleyball,Men,10,12,14,36
Netherlands,Keizer/Meppelink,Beach Volleyball,Women,10,12,14,36
Netherlands,Stam/Schoon,Beach Volleyball,Women,10,12,14,36
Norway,Mol A./Sorum C.,Beach Volleyball,Men,4,2,2,8
Poland,Bryl/Fijalek,Beach Volleyball,Men,4,5,5,14
Poland,Kantor/Losiak,Beach Volleyball,Men,4,5,5,14
Qatar,Cherif/Ahmed,Beach Volleyball,Men,2,0,1,3
ROC,Krasilnikov/Stoyanovskiy,Beach Volleyball,Men,20,28,23,71
ROC,Leshukov/Semenov,Beach Volleyball,Men,20,28,23,71
ROC,Makroguzova/Kholomina,Beach Volleyball,Women,20,28,23,71
Spain,Herrera/Gavira,Beach Volleyball,Men,3,8,6,17
Spain,Liliana/Elsa,Beach Volleyball,Women,3,8,6,17
Switzerland,Heidrich/Gerson,Beach Volleyball,Men,3,4,6,13
Switzerland,Huberli/Betschart,Beach Volleyball,Women,3,4,6,13
Switzerland,"Verge-Depre, A./Heidrich",Beach Volleyball,Women,3,4,6,13
United States of America,Gibb/Bourne,Beach Volleyball,Men,39,41,33,113
United States of America,Lucena/Dalhausser,Beach Volleyball,Men,39,41,33,113
United States of America,April/Alix,Beach Volleyball,Women,39,41,33,113
United States of America,Claes/Sponcil,Beach Volleyball,Women,39,41,33,113
Australia,Australia,Cycling Track,Men's Madison,17,7,22,46
Australia,Australia,Cycling Track,Men's Team Pursuit,17,7,22,46
Australia,Australia,Cycling Track,Men's Team Sprint,17,7,22,46
Australia,Australia,Cycling Track,Women's Madison,17,7,22,46
Australia,Australia,Cycling Track,Women's Team Pursuit,17,7,22,46
Austria,Austria,Cycling Track,Men's Madison,1,1,5,7
Belgium,Belgium,Cycling Track,Men's Madison,3,1,3,7
Belgium,Belgium,Cycling Track,Women's Madison,3,1,3,7
Canada,Canada,Cycling Track,Men's Madison,7,6,11,24
Canada,Canada,Cycling Track,Men's Team Pursuit,7,6,11,24
Canada,Canada,Cycling Track,Women's Madison,7,6,11,24
Canada,Canada,Cycling Track,Women's Team Pursuit,7,6,11,24
People's Republic of China,China,Cycling Track,Women's Team Sprint,38,32,18,88
Denmark,Denmark,Cycling Track,Men's Madison,3,4,4,11
Denmark,Denmark,Cycling Track,Men's Team Pursuit,3,4,4,11
Denmark,Denmark,Cycling Track,Women's Madison,3,4,4,11
France,France,Cycling Track,Men's Madison,10,12,11,33
France,France,Cycling Track,Men's Team Sprint,10,12,11,33
France,France,Cycling Track,Women's Madison,10,12,11,33
France,France,Cycling Track,Women's Team Pursuit,10,12,11,33
Germany,Germany,Cycling Track,Men's Madison,10,11,16,37
Germany,Germany,Cycling Track,Men's Team Pursuit,10,11,16,37
Germany,Germany,Cycling Track,Men's Team Sprint,10,11,16,37
Germany,Germany,Cycling Track,Women's Madison,10,11,16,37
Germany,Germany,Cycling Track,Women's Team Pursuit,10,11,16,37
Germany,Germany,Cycling Track,Women's Team Sprint,10,11,16,37
Great Britain,Great Britain,Cycling Track,Men's Madison,22,21,22,65
Great Britain,Great Britain,Cycling Track,Men's Team Pursuit,22,21,22,65
Great Britain,Great Britain,Cycling Track,Men's Team Sprint,22,21,22,65
Great Britain,Great Britain,Cycling Track,Women's Madison,22,21,22,65
Great Britain,Great Britain,Cycling Track,Women's Team Pursuit,22,21,22,65
"Hong Kong, China","Hong Kong, China",Cycling Track,Women's Madison,1,2,3,6
Ireland,Ireland,Cycling Track,Men's Madison,2,0,2,4
Ireland,Ireland,Cycling Track,Women's Madison,2,0,2,4
Italy,Italy,Cycling Track,Men's Madison,10,10,20,40
Italy,Italy,Cycling Track,Men's Team Pursuit,10,10,20,40
Italy,Italy,Cycling Track,Women's Madison,10,10,20,40
Italy,Italy,Cycling Track,Women's Team Pursuit,10,10,20,40
Japan,Japan,Cycling Track,Women's Madison,27,14,17,58
Lithuania,Lithuania,Cycling Track,Women's Team Sprint,0,1,0,1
Mexico,Mexico,Cycling Track,Women's Team Sprint,0,0,4,4
Netherlands,Netherlands,Cycling Track,Men's Madison,10,12,14,36
Netherlands,Netherlands,Cycling Track,Men's Team Sprint,10,12,14,36
Netherlands,Netherlands,Cycling Track,Women's Madison,10,12,14,36
Netherlands,Netherlands,Cycling Track,Women's Team Sprint,10,12,14,36
New Zealand,New Zealand,Cycling Track,Men's Madison,7,6,7,20
New Zealand,New Zealand,Cycling Track,Men's Team Pursuit,7,6,7,20
New Zealand,New Zealand,Cycling Track,Men's Team Sprint,7,6,7,20
New Zealand,New Zealand,Cycling Track,Women's Madison,7,6,7,20
New Zealand,New Zealand,Cycling Track,Women's Team Pursuit,7,6,7,20
Poland,Poland,Cycling Track,Men's Madison,4,5,5,14
Poland,Poland,Cycling Track,Men's Team Sprint,4,5,5,14
Poland,Poland,Cycling Track,Women's Madison,4,5,5,14
Poland,Poland,Cycling Track,Women's Team Sprint,4,5,5,14
ROC,ROC,Cycling Track,Men's Team Sprint,20,28,23,71
ROC,ROC,Cycling Track,Women's Madison,20,28,23,71
ROC,ROC,Cycling Track,Women's Team Sprint,20,28,23,71
Spain,Spain,Cycling Track,Men's Madison,3,8,6,17
Switzerland,Switzerland,Cycling Track,Men's Madison,3,4,6,13
Switzerland,Switzerland,Cycling Track,Men's Team Pursuit,3,4,6,13
Ukraine,Ukraine,Cycling Track,Women's Team Sprint,1,6,12,19
United States of America,United States,Cycling Track,Men's Madison,39,41,33,113
United States of America,United States,Cycling Track,Women's Madison,39,41,33,113
United States of America,United States,Cycling Track,Women's Team Pursuit,39,41,33,113
Canada,Canada,Fencing,Men's Foil Team,7,6,11,24
Canada,Canada,Fencing,Women's Foil Team,7,6,11,24
People's Republic of China,China,Fencing,Men's Épée Team,38,32,18,88
People's Republic of China,China,Fencing,Women's Épée Team,38,32,18,88
People's Republic of China,China,Fencing,Women's Sabre Team,38,32,18,88
Egypt,Egypt,Fencing,Men's Foil Team,1,1,4,6
Egypt,Egypt,Fencing,Men's Sabre Team,1,1,4,6
Egypt,Egypt,Fencing,Women's Foil Team,1,1,4,6
Estonia,Estonia,Fencing,Women's Épée Team,1,0,1,2
France,France,Fencing,Men's Épée Team,10,12,11,33
France,France,Fencing,Men's Foil Team,10,12,11,33
France,France,Fencing,Women's Foil Team,10,12,11,33
France,France,Fencing,Women's Sabre Team,10,12,11,33
Germany,Germany,Fencing,Men's Foil Team,10,11,16,37
Germany,Germany,Fencing,Men's Sabre Team,10,11,16,37
"Hong Kong, China","Hong Kong, China",Fencing,Men's Foil Team,1,2,3,6
"Hong Kong, China","Hong Kong, China",Fencing,Women's Épée Team,1,2,3,6
Hungary,Hungary,Fencing,Men's Sabre Team,6,7,7,20
Hungary,Hungary,Fencing,Women's Foil Team,6,7,7,20
Hungary,Hungary,Fencing,Women's Sabre Team,6,7,7,20
Islamic Republic of Iran,Islamic Rep. of Iran,Fencing,Men's Sabre Team,3,2,2,7
Italy,Italy,Fencing,Men's Épée Team,10,10,20,40
Italy,Italy,Fencing,Men's Foil Team,10,10,20,40
Italy,Italy,Fencing,Men's Sabre Team,10,10,20,40
Italy,Italy,Fencing,Women's Épée Team,10,10,20,40
Italy,Italy,Fencing,Women's Foil Team,10,10,20,40
Italy,Italy,Fencing,Women's Sabre Team,10,10,20,40
Japan,Japan,Fencing,Men's Épée Team,27,14,17,58
Japan,Japan,Fencing,Men's Foil Team,27,14,17,58
Japan,Japan,Fencing,Men's Sabre Team,27,14,17,58
Japan,Japan,Fencing,Women's Foil Team,27,14,17,58
Japan,Japan,Fencing,Women's Sabre Team,27,14,17,58
Poland,Poland,Fencing,Women's Épée Team,4,5,5,14
Republic of Korea,Republic of Korea,Fencing,Men's Épée Team,6,4,10,20
Republic of Korea,Republic of Korea,Fencing,Men's Sabre Team,6,4,10,20
Republic of Korea,Republic of Korea,Fencing,Women's Épée Team,6,4,10,20
Republic of Korea,Republic of Korea,Fencing,Women's Sabre Team,6,4,10,20
ROC,ROC,Fencing,Men's Épée Team,20,28,23,71
ROC,ROC,Fencing,Men's Foil Team,20,28,23,71
ROC,ROC,Fencing,Men's Sabre Team,20,28,23,71
ROC,ROC,Fencing,Women's Épée Team,20,28,23,71
ROC,ROC,Fencing,Women's Foil Team,20,28,23,71
ROC,ROC,Fencing,Women's Sabre Team,20,28,23,71
Switzerland,Switzerland,Fencing,Men's Épée Team,3,4,6,13
Tunisia,Tunisia,Fencing,Women's Sabre Team,1,1,0,2
Ukraine,Ukraine,Fencing,Men's Épée Team,1,6,12,19
United States of America,United States,Fencing,Men's Épée Team,39,41,33,113
United States of America,United States,Fencing,Men's Foil Team,39,41,33,113
United States of America,United States,Fencing,Men's Sabre Team,39,41,33,113
United States of America,United States,Fencing,Women's Épée Team,39,41,33,113
United States of America,United States,Fencing,Women's Foil Team,39,41,33,113
United States of America,United States,Fencing,Women's Sabre Team,39,41,33,113
Argentina,Argentina,Football,Men,0,1,2,3
Australia,Australia,Football,Men,17,7,22,46
Australia,Australia,Football,Women,17,7,22,46
Brazil,Brazil,Football,Men,7,6,8,21
Brazil,Brazil,Football,Women,7,6,8,21
Canada,Canada,Football,Women,7,6,11,24
People's Republic of China,China,Football,Women,38,32,18,88
Côte d'Ivoire,Côte d’Ivoire,Football,Men,0,0,1,1
Egypt,Egypt,Football,Men,1,1,4,6
France,France,Football,Men,10,12,11,33
Germany,Germany,Football,Men,10,11,16,37
Great Britain,Great Britain,Football,Women,22,21,22,65
Japan,Japan,Football,Men,27,14,17,58
Japan,Japan,Football,Women,27,14,17,58
Mexico,Mexico,Football,Men,0,0,4,4
Netherlands,Netherlands,Football,Women,10,12,14,36
New Zealand,New Zealand,Football,Men,7,6,7,20
New Zealand,New Zealand,Football,Women,7,6,7,20
Republic of Korea,Republic of Korea,Football,Men,6,4,10,20
Romania,Romania,Football,Men,1,3,0,4
Saudi Arabia,Saudi Arabia,Football,Men,0,1,0,1
South Africa,South Africa,Football,Men,1,2,0,3
Spain,Spain,Football,Men,3,8,6,17
Sweden,Sweden,Football,Women,3,6,0,9
United States of America,United States,Football,Women,39,41,33,113
Argentina,Argentina,Handball,Men,0,1,2,3
Bahrain,Bahrain,Handball,Men,0,1,0,1
Brazil,Brazil,Handball,Men,7,6,8,21
Brazil,Brazil,Handball,Women,7,6,8,21
Denmark,Denmark,Handball,Men,3,4,4,11
Egypt,Egypt,Handball,Men,1,1,4,6
France,France,Handball,Men,10,12,11,33
France,France,Handball,Women,10,12,11,33
Germany,Germany,Handball,Men,10,11,16,37
Hungary,Hungary,Handball,Women,6,7,7,20
Japan,Japan,Handball,Men,27,14,17,58
Japan,Japan,Handball,Women,27,14,17,58
Netherlands,Netherlands,Handball,Women,10,12,14,36
Norway,Norway,Handball,Men,4,2,2,8
Norway,Norway,Handball,Women,4,2,2,8
Portugal,Portugal,Handball,Men,1,1,2,4
Republic of Korea,Republic of Korea,Handball,Women,6,4,10,20
ROC,ROC,Handball,Women,20,28,23,71
Spain,Spain,Handball,Men,3,8,6,17
Spain,Spain,Handball,Women,3,8,6,17
Sweden,Sweden,Handball,Men,3,6,0,9
Sweden,Sweden,Handball,Women,3,6,0,9
Argentina,Argentina,Hockey,Men,0,1,2,3
Argentina,Argentina,Hockey,Women,0,1,2,3
Australia,Australia,Hockey,Men,17,7,22,46
Australia,Australia,Hockey,Women,17,7,22,46
Belgium,Belgium,Hockey,Men,3,1,3,7
Canada,Canada,Hockey,Men,7,6,11,24
People's Republic of China,China,Hockey,Women,38,32,18,88
Germany,Germany,Hockey,Men,10,11,16,37
Germany,Germany,Hockey,Women,10,11,16,37
Great Britain,Great Britain,Hockey,Men,22,21,22,65
Great Britain,Great Britain,Hockey,Women,22,21,22,65
India,India,Hockey,Men,1,2,4,7
India,India,Hockey,Women,1,2,4,7
Ireland,Ireland,Hockey,Women,2,0,2,4
Japan,Japan,Hockey,Men,27,14,17,58
Japan,Japan,Hockey,Women,27,14,17,58
Netherlands,Netherlands,Hockey,Men,10,12,14,36
Netherlands,Netherlands,Hockey,Women,10,12,14,36
New Zealand,New Zealand,Hockey,Men,7,6,7,20
New Zealand,New Zealand,Hockey,Women,7,6,7,20
South Africa,South Africa,Hockey,Men,1,2,0,3
South Africa,South Africa,Hockey,Women,1,2,0,3
Spain,Spain,Hockey,Men,3,8,6,17
Spain,Spain,Hockey,Women,3,8,6,17
Australia,Australia,Rhythmic Gymnastics,Group All-Around,17,7,22,46
Azerbaijan,Azerbaijan,Rhythmic Gymnastics,Group All-Around,0,3,4,7
Belarus,Belarus,Rhythmic Gymnastics,Group All-Around,1,3,3,7
Brazil,Brazil,Rhythmic Gymnastics,Group All-Around,7,6,8,21
Bulgaria,Bulgaria,Rhythmic Gymnastics,Group All-Around,3,1,2,6
People's Republic of China,China,Rhythmic Gymnastics,Group All-Around,38,32,18,88
Egypt,Egypt,Rhythmic Gymnastics,Group All-Around,1,1,4,6
Israel,Israel,Rhythmic Gymnastics,Group All-Around,2,0,2,4
Italy,Italy,Rhythmic Gymnastics,Group All-Around,10,10,20,40
Japan,Japan,Rhythmic Gymnastics,Group All-Around,27,14,17,58
ROC,ROC,Rhythmic Gymnastics,Group All-Around,20,28,23,71
Ukraine,Ukraine,Rhythmic Gymnastics,Group All-Around,1,6,12,19
United States of America,United States,Rhythmic Gymnastics,Group All-Around,39,41,33,113
Uzbekistan,Uzbekistan,Rhythmic Gymnastics,Group All-Around,3,0,2,5
Argentina,Argentina,Rugby Sevens,Men,0,1,2,3
Australia,Australia,Rugby Sevens,Men,17,7,22,46
Australia,Australia,Rugby Sevens,Women,17,7,22,46
Brazil,Brazil,Rugby Sevens,Women,7,6,8,21
Canada,Canada,Rugby Sevens,Men,7,6,11,24
Canada,Canada,Rugby Sevens,Women,7,6,11,24
People's Republic of China,China,Rugby Sevens,Women,38,32,18,88
Fiji,Fiji,Rugby Sevens,Men,1,0,1,2
Fiji,Fiji,Rugby Sevens,Women,1,0,1,2
France,France,Rugby Sevens,Women,10,12,11,33
Great Britain,Great Britain,Rugby Sevens,Men,22,21,22,65
Great Britain,Great Britain,Rugby Sevens,Women,22,21,22,65
Ireland,Ireland,Rugby Sevens,Men,2,0,2,4
Japan,Japan,Rugby Sevens,Men,27,14,17,58
Japan,Japan,Rugby Sevens,Women,27,14,17,58
Kenya,Kenya,Rugby Sevens,Men,4,4,2,10
Kenya,Kenya,Rugby Sevens,Women,4,4,2,10
New Zealand,New Zealand,Rugby Sevens,Men,7,6,7,20
New Zealand,New Zealand,Rugby Sevens,Women,7,6,7,20
Republic of Korea,Republic of Korea,Rugby Sevens,Men,6,4,10,20
ROC,ROC,Rugby Sevens,Women,20,28,23,71
South Africa,South Africa,Rugby Sevens,Men,1,2,0,3
United States of America,United States,Rugby Sevens,Men,39,41,33,113
United States of America,United States,Rugby Sevens,Women,39,41,33,113
Australia,Australia,Swimming,Men's 4 x 100m Freestyle Relay,17,7,22,46
Australia,Australia,Swimming,Men's 4 x 100m Medley Relay,17,7,22,46
Australia,Australia,Swimming,Men's 4 x 200m Freestyle Relay,17,7,22,46
Australia,Australia,Swimming,Mixed 4 x 100m Medley Relay,17,7,22,46
Australia,Australia,Swimming,Women's 4 x 100m Freestyle Relay,17,7,22,46
Australia,Australia,Swimming,Women's 4 x 100m Medley Relay,17,7,22,46
Australia,Australia,Swimming,Women's 4 x 200m Freestyle Relay,17,7,22,46
Belarus,Belarus,Swimming,Men's 4 x 100m Medley Relay,1,3,3,7
Belarus,Belarus,Swimming,Mixed 4 x 100m Medley Relay,1,3,3,7
Belarus,Belarus,Swimming,Women's 4 x 100m Medley Relay,1,3,3,7
Brazil,Brazil,Swimming,Men's 4 x 100m Freestyle Relay,7,6,8,21
Brazil,Brazil,Swimming,Men's 4 x 100m Medley Relay,7,6,8,21
Brazil,Brazil,Swimming,Men's 4 x 200m Freestyle Relay,7,6,8,21
Brazil,Brazil,Swimming,Mixed 4 x 100m Medley Relay,7,6,8,21
Brazil,Brazil,Swimming,Women's 4 x 100m Freestyle Relay,7,6,8,21
Brazil,Brazil,Swimming,Women's 4 x 200m Freestyle Relay,7,6,8,21
Canada,Canada,Swimming,Men's 4 x 100m Freestyle Relay,7,6,11,24
Canada,Canada,Swimming,Men's 4 x 100m Medley Relay,7,6,11,24
Canada,Canada,Swimming,Mixed 4 x 100m Medley Relay,7,6,11,24
Canada,Canada,Swimming,Women's 4 x 100m Freestyle Relay,7,6,11,24
Canada,Canada,Swimming,Women's 4 x 100m Medley Relay,7,6,11,24
Canada,Canada,Swimming,Women's 4 x 200m Freestyle Relay,7,6,11,24
People's Republic of China,China,Swimming,Men's 4 x 100m Medley Relay,38,32,18,88
People's Republic of China,China,Swimming,Men's 4 x 200m Freestyle Relay,38,32,18,88
People's Republic of China,China,Swimming,Mixed 4 x 100m Medley Relay,38,32,18,88
People's Republic of China,China,Swimming,Women's 4 x 100m Freestyle Relay,38,32,18,88
People's Republic of China,China,Swimming,Women's 4 x 100m Medley Relay,38,32,18,88
People's Republic of China,China,Swimming,Women's 4 x 200m Freestyle Relay,38,32,18,88
Czech Republic,Czech Republic,Swimming,Women's 4 x 100m Freestyle Relay,4,4,3,11
Denmark,Denmark,Swimming,Women's 4 x 100m Freestyle Relay,3,4,4,11
Denmark,Denmark,Swimming,Women's 4 x 100m Medley Relay,3,4,4,11
France,France,Swimming,Men's 4 x 100m Freestyle Relay,10,12,11,33
France,France,Swimming,Men's 4 x 100m Medley Relay,10,12,11,33
France,France,Swimming,Men's 4 x 200m Freestyle Relay,10,12,11,33
France,France,Swimming,Women's 4 x 100m Freestyle Relay,10,12,11,33
France,France,Swimming,Women's 4 x 200m Freestyle Relay,10,12,11,33
Germany,Germany,Swimming,Men's 4 x 100m Freestyle Relay,10,11,16,37
Germany,Germany,Swimming,Men's 4 x 100m Medley Relay,10,11,16,37
Germany,Germany,Swimming,Men's 4 x 200m Freestyle Relay,10,11,16,37
Germany,Germany,Swimming,Mixed 4 x 100m Medley Relay,10,11,16,37
Germany,Germany,Swimming,Women's 4 x 100m Freestyle Relay,10,11,16,37
Germany,Germany,Swimming,Women's 4 x 100m Medley Relay,10,11,16,37
Germany,Germany,Swimming,Women's 4 x 200m Freestyle Relay,10,11,16,37
Great Britain,Great Britain,Swimming,Men's 4 x 100m Freestyle Relay,22,21,22,65
Great Britain,Great Britain,Swimming,Men's 4 x 100m Medley Relay,22,21,22,65
Great Britain,Great Britain,Swimming,Men's 4 x 200m Freestyle Relay,22,21,22,65
Great Britain,Great Britain,Swimming,Mixed 4 x 100m Medley Relay,22,21,22,65
Great Britain,Great Britain,Swimming,Women's 4 x 100m Freestyle Relay,22,21,22,65
Great Britain,Great Britain,Swimming,Women's 4 x 100m Medley Relay,22,21,22,65
Greece,Greece,Swimming,Men's 4 x 100m Freestyle Relay,2,1,1,4
Greece,Greece,Swimming,Men's 4 x 100m Medley Relay,2,1,1,4
Greece,Greece,Swimming,Mixed 4 x 100m Medley Relay,2,1,1,4
"Hong Kong, China","Hong Kong, China",Swimming,Women's 4 x 100m Freestyle Relay,1,2,3,6
"Hong Kong, China","Hong Kong, China",Swimming,Women's 4 x 100m Medley Relay,1,2,3,6
"Hong Kong, China","Hong Kong, China",Swimming,Women's 4 x 200m Freestyle Relay,1,2,3,6
Hungary,Hungary,Swimming,Men's 4 x 100m Freestyle Relay,6,7,7,20
Hungary,Hungary,Swimming,Men's 4 x 100m Medley Relay,6,7,7,20
Hungary,Hungary,Swimming,Men's 4 x 200m Freestyle Relay,6,7,7,20
Hungary,Hungary,Swimming,Mixed 4 x 100m Medley Relay,6,7,7,20
Hungary,Hungary,Swimming,Women's 4 x 200m Freestyle Relay,6,7,7,20
Ireland,Ireland,Swimming,Men's 4 x 200m Freestyle Relay,2,0,2,4
Israel,Israel,Swimming,Men's 4 x 200m Freestyle Relay,2,0,2,4
Israel,Israel,Swimming,Mixed 4 x 100m Medley Relay,2,0,2,4
Italy,Italy,Swimming,Men's 4 x 100m Freestyle Relay,10,10,20,40
Italy,Italy,Swimming,Men's 4 x 100m Medley Relay,10,10,20,40
Italy,Italy,Swimming,Men's 4 x 200m Freestyle Relay,10,10,20,40
Italy,Italy,Swimming,Mixed 4 x 100m Medley Relay,10,10,20,40
Italy,Italy,Swimming,Women's 4 x 100m Medley Relay,10,10,20,40
Italy,Italy,Swimming,Women's 4 x 200m Freestyle Relay,10,10,20,40
Japan,Japan,Swimming,Men's 4 x 100m Freestyle Relay,27,14,17,58
Japan,Japan,Swimming,Men's 4 x 100m Medley Relay,27,14,17,58
Japan,Japan,Swimming,Men's 4 x 200m Freestyle Relay,27,14,17,58
Japan,Japan,Swimming,Mixed 4 x 100m Medley Relay,27,14,17,58
Japan,Japan,Swimming,Women's 4 x 100m Freestyle Relay,27,14,17,58
Japan,Japan,Swimming,Women's 4 x 100m Medley Relay,27,14,17,58
Japan,Japan,Swimming,Women's 4 x 200m Freestyle Relay,27,14,17,58
Lithuania,Lithuania,Swimming,Men's 4 x 100m Medley Relay,0,1,0,1
Netherlands,Netherlands,Swimming,Men's 4 x 100m Freestyle Relay,10,12,14,36
Netherlands,Netherlands,Swimming,Mixed 4 x 100m Medley Relay,10,12,14,36
Netherlands,Netherlands,Swimming,Women's 4 x 100m Freestyle Relay,10,12,14,36
Netherlands,Netherlands,Swimming,Women's 4 x 100m Medley Relay,10,12,14,36
New Zealand,New Zealand,Swimming,Women's 4 x 200m Freestyle Relay,7,6,7,20
Poland,Poland,Swimming,Men's 4 x 100m Freestyle Relay,4,5,5,14
Poland,Poland,Swimming,Men's 4 x 100m Medley Relay,4,5,5,14
Poland,Poland,Swimming,Men's 4 x 200m Freestyle Relay,4,5,5,14
Poland,Poland,Swimming,Mixed 4 x 100m Medley Relay,4,5,5,14
Poland,Poland,Swimming,Women's 4 x 100m Freestyle Relay,4,5,5,14
Poland,Poland,Swimming,Women's 4 x 200m Freestyle Relay,4,5,5,14
Republic of Korea,Republic of Korea,Swimming,Men's 4 x 200m Freestyle Relay,6,4,10,20
Republic of Korea,Republic of Korea,Swimming,Women's 4 x 200m Freestyle Relay,6,4,10,20
ROC,ROC,Swimming,Men's 4 x 100m Freestyle Relay,20,28,23,71
ROC,ROC,Swimming,Men's 4 x 100m Medley Relay,20,28,23,71
ROC,ROC,Swimming,Men's 4 x 200m Freestyle Relay,20,28,23,71
ROC,ROC,Swimming,Mixed 4 x 100m Medley Relay,20,28,23,71
ROC,ROC,Swimming,Women's 4 x 100m Freestyle Relay,20,28,23,71
ROC,ROC,Swimming,Women's 4 x 100m Medley Relay,20,28,23,71
ROC,ROC,Swimming,Women's 4 x 200m Freestyle Relay,20,28,23,71
Serbia,Serbia,Swimming,Men's 4 x 100m Freestyle Relay,3,1,5,9
South Africa,South Africa,Swimming,Women's 4 x 100m Medley Relay,1,2,0,3
South Africa,South Africa,Swimming,Women's 4 x 200m Freestyle Relay,1,2,0,3
Spain,Spain,Swimming,Women's 4 x 100m Medley Relay,3,8,6,17
Sweden,Sweden,Swimming,Women's 4 x 100m Freestyle Relay,3,6,0,9
Sweden,Sweden,Swimming,Women's 4 x 100m Medley Relay,3,6,0,9
Switzerland,Switzerland,Swimming,Men's 4 x 100m Freestyle Relay,3,4,6,13
Switzerland,Switzerland,Swimming,Men's 4 x 200m Freestyle Relay,3,4,6,13
Turkey,Turkey,Swimming,Women's 4 x 200m Freestyle Relay,2,2,9,13
United States of America,United States,Swimming,Men's 4 x 100m Freestyle Relay,39,41,33,113
United States of America,United States,Swimming,Men's 4 x 100m Medley Relay,39,41,33,113
United States of America,United States,Swimming,Men's 4 x 200m Freestyle Relay,39,41,33,113
United States of America,United States,Swimming,Mixed 4 x 100m Medley Relay,39,41,33,113
United States of America,United States,Swimming,Women's 4 x 100m Freestyle Relay,39,41,33,113
United States of America,United States,Swimming,Women's 4 x 100m Medley Relay,39,41,33,113
United States of America,United States,Swimming,Women's 4 x 200m Freestyle Relay,39,41,33,113
Australia,Australia,Table Tennis,Men's Team,17,7,22,46
Australia,HU Heming / TAPPER Melissa,Table Tennis,Mixed Doubles,17,7,22,46
Australia,Australia,Table Tennis,Women's Team,17,7,22,46
Austria,FEGERL Stefan / POLCANOVA Sofia,Table Tennis,Mixed Doubles,1,1,5,7
Austria,Austria,Table Tennis,Women's Team,1,1,5,7
Brazil,Brazil,Table Tennis,Men's Team,7,6,8,21
Brazil,Brazil,Table Tennis,Women's Team,7,6,8,21
Canada,WANG Zhen / ZHANG Mo,Table Tennis,Mixed Doubles,7,6,11,24
People's Republic of China,China,Table Tennis,Men's Team,38,32,18,88
People's Republic of China,XU Xin / LIU Shiwen,Table Tennis,Mixed Doubles,38,32,18,88
People's Republic of China,China,Table Tennis,Women's Team,38,32,18,88
Chinese Taipei,Chinese Taipei,Table Tennis,Men's Team,2,4,6,12
Chinese Taipei,LIN Yun Ju / CHENG I Ching,Table Tennis,Mixed Doubles,2,4,6,12
Chinese Taipei,Chinese Taipei,Table Tennis,Women's Team,2,4,6,12
Croatia,Croatia,Table Tennis,Men's Team,3,3,2,8
Cuba,CAMPOS Jorge / FONSECA Daniela,Table Tennis,Mixed Doubles,7,3,5,15
Egypt,Egypt,Table Tennis,Men's Team,1,1,4,6
Egypt,ASSAR Omar / MESHREF Dina,Table Tennis,Mixed Doubles,1,1,4,6
Egypt,Egypt,Table Tennis,Women's Team,1,1,4,6
France,France,Table Tennis,Men's Team,10,12,11,33
France,LEBESSON Emmanuel / YUAN Jia Nan,Table Tennis,Mixed Doubles,10,12,11,33
France,France,Table Tennis,Women's Team,10,12,11,33
Germany,Germany,Table Tennis,Men's Team,10,11,16,37
Germany,FRANZISKA Patrick / SOLJA Petrissa,Table Tennis,Mixed Doubles,10,11,16,37
Germany,Germany,Table Tennis,Women's Team,10,11,16,37
"Hong Kong, China","Hong Kong, China",Table Tennis,Men's Team,1,2,3,6
"Hong Kong, China",WONG Chun Ting / DOO Hoi Kem,Table Tennis,Mixed Doubles,1,2,3,6
"Hong Kong, China","Hong Kong, China",Table Tennis,Women's Team,1,2,3,6
Hungary,SZUDI Adam / PERGEL Szandra,Table Tennis,Mixed Doubles,6,7,7,20
Hungary,Hungary,Table Tennis,Women's Team,6,7,7,20
India,ACHANTA Kamal / BATRA Manika,Table Tennis,Mixed Doubles,1,2,4,7
Japan,Japan,Table Tennis,Men's Team,27,14,17,58
Japan,MIZUTANI Jun / ITO Mima,Table Tennis,Mixed Doubles,27,14,17,58
Japan,Japan,Table Tennis,Women's Team,27,14,17,58
Poland,Poland,Table Tennis,Women's Team,4,5,5,14
Portugal,Portugal,Table Tennis,Men's Team,1,1,2,4
Republic of Korea,Republic of Korea,Table Tennis,Men's Team,6,4,10,20
Republic of Korea,LEE Sangsu / JEON Jihee,Table Tennis,Mixed Doubles,6,4,10,20
Republic of Korea,Republic of Korea,Table Tennis,Women's Team,6,4,10,20
Romania,IONESCU Ovidiu / SZOCS Bernadette,Table Tennis,Mixed Doubles,1,3,0,4
Romania,Romania,Table Tennis,Women's Team,1,3,0,4
Serbia,Serbia,Table Tennis,Men's Team,3,1,5,9
Slovakia,PISTEJ Lubomir / BALAZOVA Barbora,Table Tennis,Mixed Doubles,1,2,1,4
Slovenia,Slovenia,Table Tennis,Men's Team,3,1,1,5
Sweden,Sweden,Table Tennis,Men's Team,3,6,0,9
United States of America,United States,Table Tennis,Men's Team,39,41,33,113
United States of America,United States,Table Tennis,Women's Team,39,41,33,113
Australia,Australia,Triathlon,Mixed Relay,17,7,22,46
Austria,Austria,Triathlon,Mixed Relay,1,1,5,7
Belgium,Belgium,Triathlon,Mixed Relay,3,1,3,7
Canada,Canada,Triathlon,Mixed Relay,7,6,11,24
France,France,Triathlon,Mixed Relay,10,12,11,33
Germany,Germany,Triathlon,Mixed Relay,10,11,16,37
Great Britain,Great Britain,Triathlon,Mixed Relay,22,21,22,65
Hungary,Hungary,Triathlon,Mixed Relay,6,7,7,20
Italy,Italy,Triathlon,Mixed Relay,10,10,20,40
Japan,Japan,Triathlon,Mixed Relay,27,14,17,58
Mexico,Mexico,Triathlon,Mixed Relay,0,0,4,4
Netherlands,Netherlands,Triathlon,Mixed Relay,10,12,14,36
New Zealand,New Zealand,Triathlon,Mixed Relay,7,6,7,20
ROC,ROC,Triathlon,Mixed Relay,20,28,23,71
South Africa,South Africa,Triathlon,Mixed Relay,1,2,0,3
Spain,Spain,Triathlon,Mixed Relay,3,8,6,17
Switzerland,Switzerland,Triathlon,Mixed Relay,3,4,6,13
United States of America,United States,Triathlon,Mixed Relay,39,41,33,113
Argentina,Argentina,Volleyball,Men,0,1,2,3
Argentina,Argentina,Volleyball,Women,0,1,2,3
Brazil,Brazil,Volleyball,Men,7,6,8,21
Brazil,Brazil,Volleyball,Women,7,6,8,21
Canada,Canada,Volleyball,Men,7,6,11,24
People's Republic of China,China,Volleyball,Women,38,32,18,88
Dominican Republic,Dominican Rep.,Volleyball,Women,0,3,2,5
France,France,Volleyball,Men,10,12,11,33
Islamic Republic of Iran,Islamic Rep. of Iran,Volleyball,Men,3,2,2,7
Italy,Italy,Volleyball,Men,10,10,20,40
Italy,Italy,Volleyball,Women,10,10,20,40
Japan,Japan,Volleyball,Men,27,14,17,58
Japan,Japan,Volleyball,Women,27,14,17,58
Kenya,Kenya,Volleyball,Women,4,4,2,10
Poland,Poland,Volleyball,Men,4,5,5,14
Republic of Korea,Republic of Korea,Volleyball,Women,6,4,10,20
ROC,ROC,Volleyball,Men,20,28,23,71
ROC,ROC,Volleyball,Women,20,28,23,71
Serbia,Serbia,Volleyball,Women,3,1,5,9
Tunisia,Tunisia,Volleyball,Men,1,1,0,2
Turkey,Turkey,Volleyball,Women,2,2,9,13
United States of America,United States,Volleyball,Men,39,41,33,113
United States of America,United States,Volleyball,Women,39,41,33,113
Venezuela,Venezuela,Volleyball,Men,1,3,0,4
Australia,Australia,Water Polo,Men,17,7,22,46
Australia,Australia,Water Polo,Women,17,7,22,46
Canada,Canada,Water Polo,Women,7,6,11,24
People's Republic of China,China,Water Polo,Women,38,32,18,88
Croatia,Croatia,Water Polo,Men,3,3,2,8
Greece,Greece,Water Polo,Men,2,1,1,4
Hungary,Hungary,Water Polo,Men,6,7,7,20
Hungary,Hungary,Water Polo,Women,6,7,7,20
Italy,Italy,Water Polo,Men,10,10,20,40
Japan,Japan,Water Polo,Men,27,14,17,58
Japan,Japan,Water Polo,Women,27,14,17,58
Kazakhstan,Kazakhstan,Water Polo,Men,0,0,8,8
Netherlands,Netherlands,Water Polo,Women,10,12,14,36
ROC,ROC,Water Polo,Women,20,28,23,71
Serbia,Serbia,Water Polo,Men,3,1,5,9
South Africa,South Africa,Water Polo,Men,1,2,0,3
South Africa,South Africa,Water Polo,Women,1,2,0,3
Spain,Spain,Water Polo,Men,3,8,6,17
Spain,Spain,Water Polo,Women,3,8,6,17
United States of America,United States,Water Polo,Men,39,41,33,113
United States of America,United States,Water Polo,Women,39,41,33,113
